{"stats":{"minecraft:custom":{"minecraft:mob_kills":54,"minecraft:interact_with_crafting_table":19,"minecraft:open_barrel":26,"minecraft:interact_with_campfire":4,"minecraft:leave_game":3,"minecraft:time_since_death":79018,"minecraft:climb_one_cm":8447,"minecraft:sprint_one_cm":190701,"minecraft:walk_one_cm":157630,"minecraft:damage_blocked_by_shield":230,"minecraft:drop":18,"minecraft:talked_to_villager":5,"minecraft:play_time":130976,"minecraft:sneak_time":8464,"minecraft:deaths":1,"minecraft:walk_under_water_one_cm":21451,"minecraft:jump":1256,"minecraft:walk_on_water_one_cm":29721,"minecraft:total_world_time":130976,"minecraft:interact_with_furnace":24,"minecraft:sleep_in_bed":3,"minecraft:time_since_rest":47166,"minecraft:damage_taken":2074,"minecraft:damage_absorbed":40,"minecraft:damage_dealt":9696,"minecraft:fly_one_cm":268372,"minecraft:swim_one_cm":24234,"minecraft:open_chest":10,"minecraft:crouch_one_cm":21486,"minecraft:interact_with_smoker":6,"minecraft:fall_one_cm":30296},"minecraft:dropped":{"minecraft:iron_sword":1,"minecraft:mossy_cobblestone":1,"minecraft:feather":3,"minecraft:cobblestone":39,"minecraft:glow_berries":1,"minecraft:stick":1,"minecraft:oak_stairs":4,"minecraft:acacia_planks":7,"minecraft:cobbled_deepslate":1,"minecraft:shield":1,"minecraft:light_gray_bed":1,"minecraft:stone_pickaxe":2,"minecraft:wooden_pickaxe":1,"minecraft:scaffolding":4},"minecraft:killed":{"minecraft:spider":2,"minecraft:skeleton":13,"naturalist:bass":8,"artifacts:mimic":3,"minecraft:zombie_villager":1,"minecraft:salmon":4,"minecraft:creeper":3,"minecraft:zombie":17,"minecraft:glow_squid":1},"minecraft:broken":{"minecraft:stone_pickaxe":1,"minecraft:stone_axe":1},"minecraft:used":{"minecraft:acacia_log":10,"minecraft:shield":5,"minecraft:iron_sword":57,"minecraft:cooked_salmon":4,"minecraft:rotten_flesh":2,"minecraft:iron_chestplate":1,"minecraft:torch":63,"naturalist:cooked_bass":24,"minecraft:acacia_sapling":1,"paladins:iron_claymore":48,"minecraft:furnace":10,"minecraft:cobbled_deepslate":5,"minecraft:acacia_planks":1,"minecraft:light_gray_bed":2,"minecraft:iron_leggings":1,"minecraft:water_bucket":7,"minecraft:diorite":31,"minecraft:stone_pickaxe":256,"minecraft:baked_potato":7,"minecraft:orange_tulip":1,"minecraft:wooden_pickaxe":4,"minecraft:redstone_block":19,"minecraft:golden_apple":1,"minecraft:glow_berries":1,"minecraft:mossy_cobblestone":1,"minecraft:crafting_table":7,"minecraft:smoker":1,"minecraft:diamond_pickaxe":85,"minecraft:iron_pickaxe":98,"minecraft:gravel":1,"minecraft:stone_axe":97,"minecraft:cobblestone":11,"minecraft:dark_oak_fence":1,"minecraft:bucket":8},"minecraft:mined":{"minecraft:deepslate_tiles":7,"minecraft:large_amethyst_bud":1,"create:deepslate_zinc_ore":1,"minecraft:tuff":7,"minecraft:mossy_cobblestone":2,"minecraft:deepslate_diamond_ore":16,"minecraft:obsidian":23,"minecraft:budding_amethyst":1,"mythicupgrades:zircon_crystal_block":5,"mythicupgrades:zircon_crystal_cluster":5,"minecraft:acacia_log":32,"minecraft:light_gray_bed":2,"minecraft:spruce_leaves":1,"minecraft:furnace":5,"minecraft:iron_ore":65,"minecraft:cobbled_deepslate":3,"minecraft:andesite":7,"minecraft:pumpkin":6,"minecraft:bookshelf":5,"minecraft:deepslate_iron_ore":18,"minecraft:stone":40,"minecraft:deepslate_redstone_ore":13,"minecraft:scaffolding":4,"minecraft:smoker":4,"minecraft:crafting_table":3,"minecraft:torch":1,"minecraft:calcite":4,"minecraft:cobblestone":8,"minecraft:copper_ore":14,"minecraft:deepslate_gold_ore":6,"minecraft:lapis_ore":4,"minecraft:sugar_cane":1,"minecraft:diorite":36,"minecraft:wall_torch":4,"minecraft:ice":1,"minecraft:spruce_log":17,"minecraft:light_gray_wool":3,"minecraft:coal_ore":106,"minecraft:gravel":3,"minecraft:cobweb":1,"minecraft:smooth_basalt":3,"minecraft:deepslate":27,"minecraft:fern":1},"minecraft:picked_up":{"minecraft:charcoal":2,"minecraft:crafting_table":3,"minecraft:oak_stairs":4,"minecraft:shield":1,"mythicupgrades:zircon_crystal_block":5,"minecraft:string":7,"minecraft:moss_carpet":1,"minecraft:raw_copper":66,"minecraft:cooked_salmon":4,"minecraft:cobbled_deepslate":19,"minecraft:bucket":1,"minecraft:calcite":4,"minecraft:iron_pickaxe":1,"minecraft:light_gray_wool":3,"minecraft:sugar_cane":6,"minecraft:furnace":7,"minecraft:stick":2,"minecraft:raw_iron":92,"minecraft:torch":7,"minecraft:acacia_log":48,"minecraft:diorite":47,"minecraft:redstone":61,"minecraft:arrow":20,"minecraft:light_gray_bed":3,"minecraft:rotten_flesh":21,"artifacts:villager_hat":1,"artifacts:snowshoes":1,"minecraft:glow_berries":1,"minecraft:obsidian":21,"minecraft:cobblestone":127,"minecraft:andesite":7,"minecraft:salmon":4,"minecraft:smoker":5,"minecraft:potato":1,"artifacts:anglers_hat":1,"minecraft:gunpowder":12,"minecraft:lapis_lazuli":21,"naturalist:bass":6,"minecraft:bone":19,"minecraft:orange_tulip":1,"minecraft:raw_gold":5,"minecraft:iron_ingot":1,"minecraft:stone_pickaxe":2,"minecraft:iron_sword":1,"minecraft:acacia_sapling":1,"minecraft:book":30,"minecraft:scaffolding":4,"minecraft:smooth_basalt":3,"minecraft:pumpkin":12,"minecraft:gravel":1,"minecraft:spruce_log":33,"naturalist:cooked_bass":13,"minecraft:spider_eye":2,"minecraft:mossy_cobblestone":2,"mythicupgrades:zircon_crystal_shard":20,"minecraft:diamond":17,"minecraft:golden_apple":1,"minecraft:dark_oak_fence":1,"minecraft:coal":230,"minecraft:diamond_pickaxe":1},"minecraft:killed_by":{"minecraft:zombie":1},"minecraft:crafted":{"minecraft:furnace":7,"naturalist:cooked_bass":22,"minecraft:stone_pickaxe":3,"minecraft:crafting_table":4,"minecraft:spruce_planks":8,"minecraft:wooden_pickaxe":1,"minecraft:iron_sword":1,"paladins:iron_claymore":1,"minecraft:bucket":1,"minecraft:stone_axe":1,"minecraft:air":0,"minecraft:light_gray_bed":1,"minecraft:iron_chestplate":1,"minecraft:diamond_pickaxe":1,"minecraft:shield":1,"minecraft:raw_gold":18,"minecraft:stick":32,"minecraft:iron_ingot":103,"minecraft:iron_pickaxe":1,"minecraft:gold_ingot":43,"minecraft:iron_leggings":1,"minecraft:acacia_planks":44,"minecraft:torch":60}},"DataVersion":3465}