{"stats":{"minecraft:custom":{"minecraft:mob_kills":42,"minecraft:interact_with_crafting_table":19,"minecraft:leave_game":2,"minecraft:time_since_death":59386,"minecraft:climb_one_cm":25077,"minecraft:sprint_one_cm":61154,"minecraft:walk_one_cm":188890,"minecraft:damage_blocked_by_shield":390,"minecraft:drop":5,"minecraft:play_noteblock":1,"minecraft:talked_to_villager":4,"minecraft:play_time":59386,"minecraft:sneak_time":9481,"minecraft:walk_under_water_one_cm":4961,"minecraft:jump":865,"minecraft:walk_on_water_one_cm":3173,"minecraft:total_world_time":59386,"minecraft:interact_with_furnace":21,"minecraft:tune_noteblock":3,"minecraft:sleep_in_bed":1,"minecraft:time_since_rest":5946,"minecraft:damage_taken":593,"minecraft:damage_dealt":5211,"minecraft:swim_one_cm":5457,"minecraft:fly_one_cm":142222,"minecraft:open_chest":19,"minecraft:crouch_one_cm":30349,"minecraft:fall_one_cm":22110,"minecraft:inspect_dispenser":1},"minecraft:dropped":{"minecraft:wheat_seeds":2,"minecraft:feather":1,"minecraft:wooden_pickaxe":2},"minecraft:killed":{"minecraft:vex":3,"minecraft:witch":1,"minecraft:vindicator":2,"naturalist:duck":2,"naturalist:boar":2,"naturalist:snail":1,"minecraft:skeleton":1,"minecraft:chicken":1,"naturalist:bass":4,"minecraft:pig":9,"minecraft:salmon":4,"minecraft:pillager":8,"minecraft:zombie":2},"minecraft:broken":{"minecraft:stone_sword":1,"minecraft:stone_pickaxe":1},"minecraft:used":{"minecraft:stone_sword":127,"minecraft:spruce_slab":7,"minecraft:spruce_planks":5,"minecraft:shield":12,"minecraft:cooked_salmon":3,"minecraft:cooked_chicken":1,"minecraft:dirt":4,"minecraft:spyglass":15,"naturalist:cooked_bass":2,"minecraft:spruce_fence":4,"minecraft:andesite_wall":1,"minecraft:blue_orchid":3,"minecraft:smooth_basalt":9,"minecraft:bow":2,"minecraft:scaffolding":5,"minecraft:furnace":4,"minecraft:cobbled_deepslate":6,"minecraft:pumpkin":1,"travelersbackpack:spider":1,"minecraft:amethyst_block":3,"minecraft:spruce_door":1,"minecraft:polished_andesite":3,"minecraft:stone_pickaxe":131,"minecraft:orange_tulip":1,"minecraft:wooden_pickaxe":28,"naturalist:duck_egg":1,"minecraft:crafting_table":7,"minecraft:magenta_bed":1,"minecraft:chiseled_quartz_block":2,"minecraft:note_block":1,"minecraft:redstone_torch":1,"minecraft:apple":1,"minecraft:light_gray_concrete":3,"minecraft:bread":1,"minecraft:iron_pickaxe":94,"minecraft:iron_door":3,"minecraft:stone_axe":41,"minecraft:cobblestone":22,"minecraft:cooked_porkchop":2,"minecraft:andesite":1},"minecraft:mined":{"minecraft:spruce_planks":1,"minecraft:acacia_log":13,"minecraft:spruce_fence":4,"minecraft:coal_block":4,"minecraft:hay_block":7,"minecraft:furnace":3,"minecraft:nether_sprouts":1,"minecraft:iron_ore":6,"minecraft:cobbled_deepslate":1,"minecraft:andesite":1,"minecraft:pumpkin":1,"minecraft:small_amethyst_bud":1,"minecraft:purple_carpet":2,"minecraft:light_gray_concrete":3,"minecraft:stone":33,"minecraft:blue_orchid":2,"minecraft:spruce_slab":7,"minecraft:tripwire":4,"minecraft:scaffolding":4,"minecraft:amethyst_cluster":17,"minecraft:chiseled_quartz_block":2,"minecraft:oak_fence":2,"minecraft:crafting_table":6,"minecraft:note_block":1,"minecraft:lectern":1,"minecraft:andesite_wall":1,"minecraft:copper_ore":1,"minecraft:cobblestone":17,"minecraft:sugar_cane":4,"minecraft:oak_planks":3,"minecraft:iron_door":3,"minecraft:amethyst_block":3,"minecraft:chain":2,"minecraft:spruce_log":9,"minecraft:orange_tulip":1,"minecraft:grass":12,"minecraft:coal_ore":135,"minecraft:cobweb":8,"minecraft:smooth_basalt":9,"minecraft:stonecutter":1,"minecraft:polished_andesite":3,"minecraft:magenta_wool":3,"minecraft:deepslate":5,"minecraft:fern":1},"minecraft:picked_up":{"minecraft:crafting_table":6,"minecraft:chicken":1,"minecraft:wooden_pickaxe":1,"minecraft:chain":2,"travelersbackpack:spider":1,"minecraft:amethyst_block":3,"minecraft:string":12,"minecraft:raw_copper":2,"minecraft:magenta_wool":3,"minecraft:blue_orchid":3,"minecraft:cobbled_deepslate":6,"minecraft:spruce_planks":1,"minecraft:spruce_slab":7,"minecraft:lectern":1,"minecraft:sugar_cane":10,"minecraft:coal_block":4,"minecraft:furnace":3,"minecraft:raw_iron":6,"naturalist:duck":2,"minecraft:oak_fence":2,"minecraft:acacia_log":13,"minecraft:note_block":1,"minecraft:spruce_fence":4,"minecraft:porkchop":23,"minecraft:andesite_wall":1,"minecraft:arrow":13,"minecraft:hay_block":7,"minecraft:cobblestone":53,"minecraft:feather":3,"minecraft:andesite":1,"minecraft:iron_door":3,"minecraft:salmon":4,"minecraft:chiseled_quartz_block":2,"minecraft:gunpowder":1,"minecraft:dirt":4,"minecraft:lantern":1,"minecraft:purple_carpet":5,"naturalist:bass":4,"minecraft:bone":2,"minecraft:stonecutter":1,"minecraft:wheat_seeds":2,"minecraft:orange_tulip":1,"minecraft:acacia_sapling":1,"minecraft:scaffolding":5,"minecraft:smooth_basalt":9,"minecraft:pumpkin":1,"minecraft:amethyst_shard":60,"minecraft:spruce_log":9,"naturalist:duck_egg":1,"minecraft:light_gray_concrete":3,"minecraft:polished_andesite":3,"minecraft:emerald":8,"minecraft:coal":217},"minecraft:crafted":{"minecraft:spyglass":1,"minecraft:cooked_chicken":1,"minecraft:furnace":1,"naturalist:cooked_bass":4,"minecraft:bow":1,"minecraft:stone_pickaxe":1,"minecraft:wheat":63,"minecraft:magenta_bed":1,"minecraft:cooked_porkchop":2,"minecraft:crafting_table":2,"minecraft:spruce_planks":36,"minecraft:wooden_pickaxe":1,"minecraft:iron_sword":1,"minecraft:spruce_door":3,"minecraft:cooked_salmon":4,"minecraft:copper_ingot":2,"minecraft:stone_axe":1,"minecraft:bread":22,"minecraft:air":0,"minecraft:iron_chestplate":1,"minecraft:shield":1,"minecraft:stick":16,"minecraft:iron_pickaxe":1,"minecraft:stone_sword":1,"minecraft:iron_leggings":1,"minecraft:acacia_planks":52}},"DataVersion":3465}